Grenada,Grenada / Government Budget | Global Open Data Index by Open ...,http://index.okfn.org/place/grenada/budget/,The state of government open data in Grenada for Government Budget in 2015.
Grenada,Grenada / National Statistics | Global Open Data Index by Open ...,http://index.okfn.org/place/grenada/statistics/,The state of government open data in Grenada for National Statistics in 2015.
Grenada,Grenada / Election Results | Global Open Data Index by Open ...,http://index.okfn.org/place/grenada/elections/,The state of government open data in Grenada for Election Results in 2015.
Grenada,Grenada / Company Register | Global Open Data Index by Open ...,http://index.okfn.org/place/grenada/companies/,The state of government open data in Grenada for Company Register in 2015.
Grenada,Grenada - Global Open Data Index: Survey,http://global.survey.okfn.org/place/gd,"Dataset, Breakdown, Info, Year, Score, Admin. Government Budget. Government 
Spending. Election Results. Company Register. National Maps. National ..."
Grenada,OpenDRI Grenada,https://opendri.org/project/grenada/,"OpenDRI supports the development of open data practices in Grenada. 
COUNTERPART. Physical Planning Division. Sharing Data. Grenada's GeoNode
 ..."
Grenada,Government of Grenada Official Web Site | GOV.gd,http://www.gov.gd/,"Government of Grenada official internet gateway. Serves as a convenient first-
stop for citizens, businesses and non-residents to locate Grenada Government ..."
Grenada,Open Budgets Portal | Grenada | The World Bank,http://wbi.worldbank.org/boost/open-data-portal-country/grenada,"The Ministry of Finance from the Government of Grenada presents information on 
Budget Speeches from the period between 2003 and 2013. You are here ..."
Grenada,Grenada | Data,http://data.worldbank.org/country/grenada,"11 Nov 2014 ... Grenada from The World Bank: Data. ... 1960 1980 2000 Million 100 900 
Grenada. Population, total. Details. 1960 1980 2000 Thousand 90 ..."
Grenada,"Grenada OpenStreetMap Tiles, GeoData and OpenData Maps",https://openmaptiles.com/downloads/grenada,"Grenada Map Tiles. Bounds: -62.1065867, 11.686, -61.0732142, 12.6966532. 
Downloads. OpenStreetMap Purchase Schema: v3.4. Planet time: 2017-01-23."
