Saint Vincent and the Grenadines,OpenDRI Saint Vincent and the Grenadines,https://opendri.org/project/saint-vincent-and-the-grenadines/,"Saint Vincent and the Grenadines has the great advantage that it is already a ... 
their understanding of the benefits of open data in the geospatial context is ..."
Saint Vincent and the Grenadines,St. Vincent and the Grenadines | Data,http://data.worldbank.org/country/st-vincent-and-the-grenadines,St. Vincent and the Grenadines from The World Bank: Data.
Saint Vincent and the Grenadines,Open Budgets Portal | Saint Vincent and the Grenadines | The World ...,http://wbi.worldbank.org/boost/open-data-portal-country/saint-vincent-and-grenadines,"... on Open Budgets Portal. Subscribe Now » · Feedback ». For more questions, 
please contact. Massimo Mastruzzi. More than 40 millon rows of data released ..."
Saint Vincent and the Grenadines,St. Vincent & the Grenadines - Open Data Inventory,http://odin.opendatawatch.com/Downloads/CountryProfile/VCT_profile_ODIN2015.pdf,"COUNTRY PROFILE OPEN DATA INVENTORY 2015. St. Vincent ... St. Vincent 
and the Grenadines ranks 92nd in the Open Data Inven- Openness. Population ..."
Saint Vincent and the Grenadines,Saint Vincent and the Grenadines - Global Open Data Index: Survey,http://global.survey.okfn.org/place/vc,"Dataset, Breakdown, Info, Year, Score, Admin. Election Results. 2016, 67%. 
Government Budget. Government Budget. ↳ Awaiting review. Alesha 29 days 
ago."
Saint Vincent and the Grenadines,St. Vincent & the Grenadines / Company Register - Open Data Index,http://index.okfn.org/place/st.-Vincent-and-the-Grenadines/companies/,"The state of government open data in St. Vincent & the Grenadines for Company 
Register in 2015."
Saint Vincent and the Grenadines,St. Vincent & the Grenadines — Places - Global Open Data Index ...,http://global.census.okfn.org/place/vc/2016,"St. Vincent & the Grenadines / 2016. This is the overview page where you can 
see the state of open data across each key dataset."
Saint Vincent and the Grenadines,St. Vincent & the Grenadines / Land Ownership | Global Open Data ...,http://index.okfn.org/place/st.-Vincent-and-the-Grenadines/land/,"The state of government open data in St. Vincent & the Grenadines for Land 
Ownership in 2015."
Saint Vincent and the Grenadines,Saint Vincent and the Grenadines: Energy Resources | Open Energy ...,http://en.openei.org/wiki/Saint_Vincent_and_the_Grenadines,"Saint Vincent and the Grenadines: energy resources, incentives, companies, 
news, and more. - on OpenEI: Open Energy Information. ... Saint Vincent and the 
Grenadines Renewable Energy Data from IEA · Saint Vincent and the 
Grenadines ..."
Saint Vincent and the Grenadines,WTO | Saint Vincent & the Grenadines - Member information,https://www.wto.org/english/thewto_e/countries_e/saint_vincent_grenadines_e.htm,"Saint Vincent & the Grenadines has been a WTO member since 1 January 1995. 
... Get tariff data — includes explanations of bound and applied rates, the HS 
system ... These links open a new window: allow a moment for the results to 
appear."
