Tonga,Tonga | Data,http://data.worldbank.org/country/tonga,"Tonga from The World Bank: Data. ... Details. 1960 1980 2000 Million 50 450 
Tonga. Population, total. Details. 1960 1980 2000 Thousand 65 105 Tonga."
Tonga,Tonga - Global Open Data Index: Survey,http://global.survey.okfn.org/place/to,"Dataset, Breakdown, Info, Year, Score, Admin. Government Budget. Government 
Spending. Election Results. Company Register. National Maps. National ..."
Tonga,"Tonga OpenStreetMap Tiles, GeoData and OpenData Maps",https://openmaptiles.com/downloads/tonga,"Download the entire planet, country or even city from the provided links below 
and use our vector tiles to get your job done."
Tonga,WTO | Tonga - Member information,https://www.wto.org/english/thewto_e/countries_e/tonga_e.htm,"MEMBER INFORMATION: Tonga and the WTO - This page gathers key ... Get 
tariff data — includes explanations of bound and applied rates, the HS system 
and ... These links open a new window: allow a moment for the results to appear."
Tonga,Tonga - Land Portal,http://landportal.info/book/countries/TON,"The Land Book presents comprehensive country and thematic pages with Linked 
Open Data on land governance from diverse sources around the world."
Tonga,International Conference on Open Data for Agriculture,http://www.pmo.gov.to/international-conference-on-open-data-for-agriculture-3/,"International Conference on Open Data for Agriculture. GOVERNMENT OF 
TONGA. MEDIA RELEASE. International Conference on Open Data for 
Agriculture."
Tonga,Tonga - Society Data - Collections - Quandl,https://www.quandl.com/collections/tonga/tonga-society-data,"Tonga Society Data. upper-middle income country located in Oceania. Tonga 
has a population of 0.10 million people, at a density of 146.28 persons per 
square ..."
Tonga,Tonga - Population Data - Collections - Quandl,https://www.quandl.com/collections/tonga/tonga-population-data,"Population data for Tonga includes school age population breakdowns, poverty 
headcounts and other population statistics. All population statistics from Quandl ..."
Tonga,"Tonga Economy: Population, GDP, Inflation, Business, Trade, FDI ...",http://www.heritage.org/index/country/tonga,"Trade is important to Tonga's economy; the value of exports and imports taken 
together equals 71 percent of GDP. The average ..."
Tonga,"Population and Housing Census Of Cameroon, 2015 - Tonga ...",http://cameroon.opendataforafrica.org/PHCC2015/population-and-housing-census-of-cameroon-2015?region=1000760-tonga,"Population and Housing Census Of Cameroon, 2015. Tonga. This Dataset 
describes the list of common indicators from Population and Housing Census Of
 ..."
